frame_number,timestamp,left_lower_arm,left_lower_leg,left_upper_arm,left_upper_leg,right_lower_arm,right_lower_leg,right_upper_arm,right_upper_leg
1,2026-01-07 18:44:58.440,29.37,,57.65,113.25,25.18,,25.56,51.30
2,2026-01-07 18:44:58.727,29.37,,57.65,113.25,25.18,,25.56,51.30
3,2026-01-07 18:44:58.942,29.37,,57.65,113.25,25.18,,25.56,51.30
4,2026-01-07 18:44:59.134,29.37,,57.65,113.25,25.18,,25.56,51.30
5,2026-01-07 18:44:59.326,29.37,,57.65,113.25,25.18,,25.56,51.30
6,2026-01-07 18:44:59.522,29.37,,57.65,113.25,25.18,,25.56,51.30
7,2026-01-07 18:44:59.715,29.37,,57.65,113.25,25.18,,25.56,50.34
8,2026-01-07 18:44:59.908,29.37,,57.65,60.11,25.18,,25.56,34.81
9,2026-01-07 18:45:00.102,20.98,,57.65,60.11,14.69,,14.91,34.81
10,2026-01-07 18:45:00.309,15.34,,31.14,43.28,14.69,,14.91,34.81
11,2026-01-07 18:45:00.502,15.34,,31.14,43.28,14.69,,14.91,34.81
12,2026-01-07 18:45:00.696,15.34,,31.14,43.28,14.69,,14.91,34.81
13,2026-01-07 18:45:00.897,20.67,,30.69,51.40,17.32,,21.12,39.96
14,2026-01-07 18:45:01.100,20.67,,30.69,51.40,17.32,,21.12,39.96
15,2026-01-07 18:45:01.294,20.67,,30.69,51.40,17.32,,21.12,39.96
16,2026-01-07 18:45:01.485,20.67,,30.69,51.40,17.32,,21.12,39.96
17,2026-01-07 18:45:01.684,20.67,,30.69,51.40,17.32,,21.12,39.96
18,2026-01-07 18:45:01.876,20.67,,30.69,51.40,17.32,,21.12,39.96
19,2026-01-07 18:45:02.069,20.67,,30.69,51.40,17.32,,21.12,39.96
20,2026-01-07 18:45:02.262,20.67,,30.69,51.40,17.32,,21.12,39.96
21,2026-01-07 18:45:02.460,20.67,,30.69,51.40,17.32,,21.12,39.96
22,2026-01-07 18:45:02.653,20.67,,30.69,51.40,17.32,,21.12,39.96
23,2026-01-07 18:45:02.846,20.67,,30.69,51.40,17.32,,21.12,39.96
24,2026-01-07 18:45:03.042,20.67,,30.69,51.40,17.32,,21.12,39.96
25,2026-01-07 18:45:03.238,27.52,,28.95,62.68,18.95,,21.88,45.42
26,2026-01-07 18:45:03.438,27.52,,28.95,62.68,18.95,,21.88,45.42
27,2026-01-07 18:45:03.635,27.52,,28.95,62.68,18.95,,21.88,45.42
28,2026-01-07 18:45:03.830,27.52,,28.95,62.68,18.95,,21.88,45.42
29,2026-01-07 18:45:04.039,27.52,,28.95,62.68,18.95,,21.88,45.42
30,2026-01-07 18:45:04.236,27.52,,28.95,62.68,18.95,,21.88,45.42
31,2026-01-07 18:45:04.434,27.05,,19.39,50.04,16.88,,20.66,43.95
32,2026-01-07 18:45:04.636,27.05,,19.39,50.04,16.88,,20.66,43.95
33,2026-01-07 18:45:04.827,27.05,,19.39,50.04,16.88,,20.66,43.95
34,2026-01-07 18:45:05.022,27.05,,19.39,50.04,16.88,,20.66,43.95
35,2026-01-07 18:45:05.236,27.05,,19.39,50.04,16.88,,20.66,43.95
36,2026-01-07 18:45:05.452,27.05,,19.39,50.04,16.88,,20.66,43.95
37,2026-01-07 18:45:05.652,28.53,,24.14,53.30,18.88,,21.44,46.06
38,2026-01-07 18:45:05.846,28.53,,24.14,64.88,18.88,,21.44,60.17
39,2026-01-07 18:45:06.042,32.52,,24.14,61.25,23.77,,27.17,49.72
40,2026-01-07 18:45:06.262,42.01,,30.64,74.16,23.77,,27.17,49.72
41,2026-01-07 18:45:06.455,42.01,,30.64,74.16,23.77,,27.17,49.72
42,2026-01-07 18:45:06.651,42.01,,30.64,74.16,23.77,,27.17,49.72
43,2026-01-07 18:45:06.848,44.68,,31.06,73.62,24.36,,23.98,47.82
44,2026-01-07 18:45:07.045,44.68,,31.06,73.62,24.36,,23.98,47.82
45,2026-01-07 18:45:07.237,44.68,,31.06,73.62,24.36,,23.98,47.82
46,2026-01-07 18:45:07.429,44.68,,31.06,73.62,24.36,,23.98,47.82
47,2026-01-07 18:45:07.622,44.68,,31.06,73.62,24.36,,23.98,47.82
48,2026-01-07 18:45:07.831,44.68,,31.06,73.62,24.36,,23.98,47.82
49,2026-01-07 18:45:08.043,45.85,,28.26,76.54,24.72,,23.69,51.14
50,2026-01-07 18:45:08.240,45.85,,28.26,76.54,24.72,,23.69,51.14
51,2026-01-07 18:45:08.434,45.85,,28.26,76.54,24.72,,23.69,51.14
52,2026-01-07 18:45:08.632,65.65,,47.50,76.54,64.43,,67.07,139.02
53,2026-01-07 18:45:08.828,75.23,,43.90,156.97,58.02,,64.90,177.28
54,2026-01-07 18:45:09.026,73.03,,54.88,138.87,54.74,,70.24,177.28
55,2026-01-07 18:45:09.226,68.20,,56.59,126.89,57.84,,72.34,175.44
56,2026-01-07 18:45:09.424,63.03,,54.87,117.25,57.84,,66.28,175.44
57,2026-01-07 18:45:09.620,60.89,,64.22,106.93,55.96,,69.42,155.30
58,2026-01-07 18:45:09.821,65.18,,70.72,98.47,86.47,,84.44,147.76
59,2026-01-07 18:45:10.018,81.48,,79.45,91.88,94.08,,81.91,147.76
60,2026-01-07 18:45:10.219,75.86,,82.57,90.72,96.86,,76.78,144.14
61,2026-01-07 18:45:10.420,71.02,,77.51,85.61,90.60,,72.31,133.18
62,2026-01-07 18:45:10.621,67.02,,80.02,81.06,92.38,,70.28,125.65
63,2026-01-07 18:45:10.821,67.02,,80.02,82.74,92.38,,70.28,123.64
64,2026-01-07 18:45:11.023,64.15,,79.02,79.31,88.78,,68.66,126.38
65,2026-01-07 18:45:11.223,61.74,,85.07,76.02,84.06,,65.82,118.94
66,2026-01-07 18:45:11.419,59.10,,89.17,73.16,86.40,,66.53,112.95
67,2026-01-07 18:45:11.618,58.87,,88.76,70.69,111.50,,66.55,110.72
68,2026-01-07 18:45:11.820,56.67,,85.56,70.69,105.55,,66.42,105.33
69,2026-01-07 18:45:12.016,54.34,,85.56,72.19,101.64,,67.52,105.67
70,2026-01-07 18:45:12.216,52.11,,83.75,68.99,96.82,,65.69,100.95
71,2026-01-07 18:45:12.413,50.43,,83.15,66.95,93.10,,66.94,96.46
72,2026-01-07 18:45:12.629,48.90,,82.17,64.61,90.47,,64.49,92.24
73,2026-01-07 18:45:12.828,47.38,,79.11,62.89,87.04,,62.67,88.70
74,2026-01-07 18:45:13.051,46.99,,80.87,60.99,83.96,,67.75,85.24
75,2026-01-07 18:45:13.253,46.99,,80.87,59.34,80.79,,65.83,82.72
76,2026-01-07 18:45:13.450,45.47,,78.14,57.66,78.08,,64.14,80.05
77,2026-01-07 18:45:13.651,44.18,,75.91,56.26,76.04,,62.71,78.15
78,2026-01-07 18:45:13.858,42.86,,73.40,54.68,73.47,,60.87,75.68
79,2026-01-07 18:45:14.057,41.36,,72.93,51.84,73.97,,60.71,73.81
80,2026-01-07 18:45:14.256,40.19,,70.51,50.48,72.59,,59.94,71.51
81,2026-01-07 18:45:14.457,39.09,,68.30,50.48,70.23,,67.74,69.39
82,2026-01-07 18:45:14.655,34.96,,64.81,49.36,63.92,,61.32,51.76
83,2026-01-07 18:45:14.853,31.21,,64.06,32.19,63.03,,60.41,38.66
84,2026-01-07 18:45:15.049,29.30,,60.33,31.09,61.87,,57.42,37.79
85,2026-01-07 18:45:15.250,28.73,,60.11,30.37,60.67,,56.82,38.36
86,2026-01-07 18:45:15.449,27.97,,58.82,28.86,58.80,,56.23,37.70
87,2026-01-07 18:45:15.647,26.62,,54.40,28.12,57.55,,53.54,36.99
88,2026-01-07 18:45:15.845,23.38,,50.23,27.72,47.48,,47.01,34.14
89,2026-01-07 18:45:16.045,15.51,,44.67,27.15,42.36,57.05,45.35,33.42
90,2026-01-07 18:45:16.250,15.08,,41.06,24.93,39.52,31.77,46.06,30.46
91,2026-01-07 18:45:16.451,14.71,,40.61,24.46,39.95,31.77,46.91,30.02
92,2026-01-07 18:45:16.651,14.31,,36.99,24.24,37.18,23.02,46.95,29.10
93,2026-01-07 18:45:16.855,14.09,,35.99,21.01,37.18,19.88,46.95,26.31
94,2026-01-07 18:45:17.060,13.44,,34.03,20.96,36.85,24.00,46.92,21.47
95,2026-01-07 18:45:17.260,12.75,,28.26,20.64,37.43,20.93,47.79,21.41
96,2026-01-07 18:45:17.466,12.34,,23.55,20.50,33.88,22.16,46.51,20.96
97,2026-01-07 18:45:17.666,11.59,17.52,22.78,23.33,16.92,29.74,45.89,22.89
98,2026-01-07 18:45:17.877,11.11,17.52,22.02,22.99,16.69,27.72,43.55,22.82
99,2026-01-07 18:45:18.084,10.98,17.52,21.55,22.82,15.27,25.87,40.18,22.84
100,2026-01-07 18:45:18.286,10.84,17.52,20.07,22.63,14.97,24.85,39.25,22.39
101,2026-01-07 18:45:18.483,10.51,17.52,17.99,22.30,14.43,24.10,35.78,22.51
102,2026-01-07 18:45:18.684,10.12,17.52,16.14,22.35,12.95,24.10,35.58,22.82
103,2026-01-07 18:45:18.887,9.90,17.52,15.85,21.78,12.42,24.10,34.92,22.56
104,2026-01-07 18:45:19.087,8.84,17.52,12.37,21.48,11.85,24.10,27.62,22.47
105,2026-01-07 18:45:19.290,8.89,17.52,12.28,21.08,13.07,24.10,28.34,22.06
106,2026-01-07 18:45:19.491,8.84,17.52,12.14,20.78,12.79,24.10,29.01,21.74
107,2026-01-07 18:45:19.692,8.65,17.52,11.75,20.38,12.10,24.10,28.90,21.01
108,2026-01-07 18:45:19.890,8.57,17.52,11.97,20.34,12.05,24.10,29.98,20.89
109,2026-01-07 18:45:20.091,8.73,17.52,12.02,20.73,10.96,24.10,30.08,21.12
110,2026-01-07 18:45:20.293,8.88,17.52,12.10,20.64,9.79,24.10,28.85,21.37
111,2026-01-07 18:45:20.495,10.25,17.52,13.02,20.41,10.17,24.10,16.98,21.37
112,2026-01-07 18:45:20.702,10.23,17.52,13.31,20.35,10.26,24.10,17.02,21.41
113,2026-01-07 18:45:20.901,10.35,17.52,13.63,20.32,10.39,24.10,16.36,21.40
114,2026-01-07 18:45:21.100,10.60,17.52,13.77,20.28,10.62,24.10,16.73,21.40
115,2026-01-07 18:45:21.300,10.58,17.52,13.35,20.22,10.61,24.10,16.37,19.29
116,2026-01-07 18:45:21.504,10.52,17.52,13.49,20.39,10.80,24.10,16.53,19.30
117,2026-01-07 18:45:21.700,10.57,17.52,13.65,21.02,10.98,24.10,16.90,19.30
118,2026-01-07 18:45:21.904,10.61,17.52,13.97,20.83,13.68,24.10,16.95,19.53
119,2026-01-07 18:45:22.104,10.71,17.52,14.32,20.69,14.17,21.10,17.14,19.67
120,2026-01-07 18:45:22.306,11.10,17.52,14.59,20.66,13.98,22.57,18.32,19.24
121,2026-01-07 18:45:22.503,11.64,17.52,14.90,21.77,14.18,22.57,18.20,19.04
122,2026-01-07 18:45:22.703,11.68,17.52,14.84,21.70,14.21,24.46,18.19,18.88
123,2026-01-07 18:45:22.904,11.74,17.52,14.91,21.59,14.39,26.21,18.06,18.75
124,2026-01-07 18:45:23.104,11.80,17.52,14.91,21.13,14.35,24.17,17.98,18.76
125,2026-01-07 18:45:23.303,11.86,17.52,15.25,21.21,15.03,27.27,18.35,18.57
126,2026-01-07 18:45:23.502,11.93,17.52,15.24,22.07,14.97,26.82,18.68,18.59
127,2026-01-07 18:45:23.700,11.96,,15.30,19.39,16.18,12.81,19.99,16.21
128,2026-01-07 18:45:23.895,12.07,,15.28,19.43,16.21,13.25,20.21,16.09
129,2026-01-07 18:45:24.092,12.09,,15.38,19.71,16.46,15.23,20.64,15.77
130,2026-01-07 18:45:24.289,12.13,,15.41,20.19,16.91,15.87,23.93,15.99
131,2026-01-07 18:45:24.488,12.19,,15.39,19.92,16.81,,24.11,15.75
132,2026-01-07 18:45:24.686,12.34,,15.45,19.57,17.11,,24.36,15.39
133,2026-01-07 18:45:24.884,12.41,,15.57,21.53,17.48,,24.68,15.48
134,2026-01-07 18:45:25.083,12.48,,15.46,21.61,17.61,,25.18,15.70
135,2026-01-07 18:45:25.279,12.48,,15.52,21.70,16.95,,24.33,15.70
136,2026-01-07 18:45:25.488,12.54,,15.51,21.78,17.20,,23.69,16.06
137,2026-01-07 18:45:25.689,12.90,,15.74,21.88,17.44,,23.45,16.13
138,2026-01-07 18:45:25.888,13.30,,15.55,21.84,17.89,,23.64,16.36
139,2026-01-07 18:45:26.097,13.61,,15.88,21.51,17.82,,24.31,16.31
140,2026-01-07 18:45:26.308,13.61,,15.91,21.56,17.84,,24.39,16.42
141,2026-01-07 18:45:26.504,12.43,,15.31,21.60,17.72,,24.71,16.48
142,2026-01-07 18:45:26.701,12.57,,15.12,21.80,17.89,,24.82,17.02
143,2026-01-07 18:45:26.898,12.49,,15.25,22.06,17.96,,24.75,17.27
144,2026-01-07 18:45:27.095,12.31,,15.32,22.20,17.97,,25.13,17.62
145,2026-01-07 18:45:27.305,12.50,,16.00,22.26,18.18,,25.46,17.76
146,2026-01-07 18:45:27.503,12.52,,15.95,22.21,17.94,,25.11,17.85
147,2026-01-07 18:45:27.702,12.54,,15.86,21.91,17.88,,25.22,18.18
148,2026-01-07 18:45:27.894,12.57,,15.58,22.07,16.17,,25.54,18.11
149,2026-01-07 18:45:28.103,12.55,,15.36,22.26,16.13,,25.85,18.22
150,2026-01-07 18:45:28.302,12.24,,14.90,22.54,16.37,,25.25,18.55
151,2026-01-07 18:45:28.503,11.77,,14.63,21.53,16.27,,25.54,18.87
152,2026-01-07 18:45:28.701,11.87,,14.77,21.81,16.32,,25.47,19.12
153,2026-01-07 18:45:28.895,11.88,,14.75,21.87,16.22,,25.83,19.47
154,2026-01-07 18:45:29.089,11.92,,14.73,22.10,16.34,,26.24,19.92
155,2026-01-07 18:45:29.285,11.97,,14.46,21.98,15.58,,25.68,20.04
156,2026-01-07 18:45:29.486,12.02,,14.20,20.98,15.68,,25.11,20.08
157,2026-01-07 18:45:29.680,12.06,,14.30,20.86,14.15,,24.09,20.06
158,2026-01-07 18:45:29.891,12.06,,14.40,20.95,14.28,,23.89,20.09
159,2026-01-07 18:45:30.088,12.27,,14.30,20.64,14.30,,24.08,20.20
160,2026-01-07 18:45:30.284,12.30,,14.29,20.50,13.91,,21.13,20.28
161,2026-01-07 18:45:30.481,12.29,,14.30,20.54,14.09,,21.04,20.40
162,2026-01-07 18:45:30.679,12.23,,14.26,20.75,14.03,,21.14,20.52
163,2026-01-07 18:45:30.879,12.33,,14.17,19.00,13.82,,21.25,20.50
164,2026-01-07 18:45:31.080,12.36,,14.08,18.99,14.11,,21.04,20.34
165,2026-01-07 18:45:31.278,12.32,,14.03,19.08,13.62,,21.36,20.43
166,2026-01-07 18:45:31.480,12.23,,13.90,19.37,13.36,,21.40,20.75
167,2026-01-07 18:45:31.678,12.00,,13.55,19.39,12.85,,21.57,21.71
168,2026-01-07 18:45:31.877,11.79,,13.48,19.41,11.98,,20.54,21.52
169,2026-01-07 18:45:32.073,11.52,,13.05,19.45,12.04,,19.54,21.60
170,2026-01-07 18:45:32.270,11.63,,13.07,19.46,12.27,,19.88,21.47
171,2026-01-07 18:45:32.480,11.56,,13.15,19.47,12.34,,19.74,21.42
172,2026-01-07 18:45:32.697,11.68,,13.77,19.17,12.04,,20.00,20.96
173,2026-01-07 18:45:32.889,11.78,,13.84,18.95,11.98,,20.48,20.83
174,2026-01-07 18:45:33.086,11.98,,14.38,19.12,12.07,,19.85,20.65
175,2026-01-07 18:45:33.286,12.50,,14.80,19.09,10.88,,19.80,20.58
176,2026-01-07 18:45:33.482,14.54,,17.41,18.84,10.60,,20.16,20.40
177,2026-01-07 18:45:33.676,14.98,,18.62,18.57,,,19.76,20.18
178,2026-01-07 18:45:33.868,15.29,,19.50,18.41,,,19.20,20.13
179,2026-01-07 18:45:34.061,15.55,,20.31,18.38,,,18.68,20.07
180,2026-01-07 18:45:34.256,15.78,,21.47,18.03,,,17.85,19.87
181,2026-01-07 18:45:34.453,15.80,,21.92,18.00,,,17.07,19.66
182,2026-01-07 18:45:34.648,15.73,,22.18,17.60,,,17.24,19.30
183,2026-01-07 18:45:34.843,15.70,,22.36,17.66,,,17.24,19.01
184,2026-01-07 18:45:35.037,15.84,,22.98,17.47,,,15.49,18.60
185,2026-01-07 18:45:35.233,15.77,,23.26,17.42,,,16.21,18.46
186,2026-01-07 18:45:35.426,15.77,,23.96,17.32,,,17.39,18.38
187,2026-01-07 18:45:35.628,15.92,,24.77,17.30,,,17.07,18.45
188,2026-01-07 18:45:35.827,16.05,,25.14,17.26,,,19.96,18.30
189,2026-01-07 18:45:36.038,15.85,,25.58,17.20,,,13.54,18.18
190,2026-01-07 18:45:36.241,15.83,,25.79,16.99,,,13.54,18.17
191,2026-01-07 18:45:36.434,15.84,,26.01,17.14,,,,18.04
192,2026-01-07 18:45:36.625,15.85,,26.13,17.14,,,,18.04
193,2026-01-07 18:45:36.830,15.68,,26.20,17.20,,,,18.14
194,2026-01-07 18:45:37.025,15.63,,26.34,17.40,,,,18.26
195,2026-01-07 18:45:37.217,15.71,,26.37,17.28,,,,18.16
196,2026-01-07 18:45:37.408,15.99,,26.36,17.07,,,,17.68
197,2026-01-07 18:45:37.601,15.88,,26.37,17.16,,,,16.99
198,2026-01-07 18:45:37.794,15.70,,26.29,17.17,,,,17.04
199,2026-01-07 18:45:37.990,15.48,,26.30,17.10,,,,16.90
200,2026-01-07 18:45:38.180,15.16,,26.14,17.03,,,,16.84
201,2026-01-07 18:45:38.370,15.00,,25.78,17.04,,,,16.84
202,2026-01-07 18:45:38.561,14.74,,25.09,17.04,,,,17.00
203,2026-01-07 18:45:38.752,14.57,,24.65,17.05,,,,16.82
204,2026-01-07 18:45:38.943,14.31,,23.98,17.23,,,,17.24
205,2026-01-07 18:45:39.135,13.56,,22.76,17.25,,,,17.44
206,2026-01-07 18:45:39.327,11.47,,20.03,17.25,,,,17.59
207,2026-01-07 18:45:39.519,10.97,,18.70,17.20,,,,17.40
208,2026-01-07 18:45:39.713,10.56,,17.85,17.45,,,,17.73
209,2026-01-07 18:45:39.903,10.26,,17.03,17.33,,,,17.77
210,2026-01-07 18:45:40.093,9.97,,15.92,17.39,,,,17.71
211,2026-01-07 18:45:40.287,9.87,,15.38,17.41,,,,17.60
212,2026-01-07 18:45:40.482,9.81,,14.92,17.58,,,,17.55
213,2026-01-07 18:45:40.680,9.77,,14.67,17.67,,,,17.64
214,2026-01-07 18:45:40.873,9.56,,14.10,17.85,,,,17.68
215,2026-01-07 18:45:41.068,9.51,,13.82,17.93,,,,17.73
216,2026-01-07 18:45:41.261,9.40,,13.05,17.87,,,,17.70
217,2026-01-07 18:45:41.454,9.24,,12.03,18.28,,,,18.48
218,2026-01-07 18:45:41.649,9.11,,11.46,18.33,,,,18.52
219,2026-01-07 18:45:41.847,9.02,,11.08,18.46,,,,18.49
220,2026-01-07 18:45:42.051,9.01,,10.86,18.50,,,,18.37
221,2026-01-07 18:45:42.249,8.96,,10.58,18.36,,,,18.31
222,2026-01-07 18:45:42.448,8.91,,10.50,18.24,,,,18.48
223,2026-01-07 18:45:42.654,8.88,,10.47,18.01,,,,18.56
224,2026-01-07 18:45:42.851,8.88,,10.31,18.01,,,21.19,18.66
225,2026-01-07 18:45:43.064,8.80,,10.27,18.02,,,16.30,18.67
226,2026-01-07 18:45:43.266,8.56,,10.31,18.12,,,14.68,18.82
227,2026-01-07 18:45:43.469,8.60,,10.35,18.02,,,16.07,18.56
228,2026-01-07 18:45:43.670,8.64,,10.38,18.00,,,15.40,18.58
229,2026-01-07 18:45:43.878,8.70,,10.44,18.05,,,15.57,18.81
230,2026-01-07 18:45:44.087,8.72,,10.57,18.24,,,16.14,19.24
231,2026-01-07 18:45:44.288,8.76,,10.54,18.67,,,17.50,19.45
232,2026-01-07 18:45:44.484,8.78,,10.50,18.82,,,17.50,19.56
233,2026-01-07 18:45:44.682,8.84,,10.50,19.00,,,17.50,19.92
234,2026-01-07 18:45:44.881,8.87,,10.50,18.61,,,17.50,19.55
235,2026-01-07 18:45:45.074,8.90,,10.46,18.70,,,17.50,19.68
236,2026-01-07 18:45:45.270,8.96,,10.53,18.78,,,17.50,19.72
237,2026-01-07 18:45:45.465,9.05,,10.60,18.96,,,17.50,19.86
238,2026-01-07 18:45:45.661,9.20,,10.63,18.81,,,18.69,19.79
239,2026-01-07 18:45:45.859,9.31,,10.66,18.98,,,18.42,20.02
240,2026-01-07 18:45:46.074,9.44,,10.69,18.90,,,17.95,20.01
241,2026-01-07 18:45:46.275,9.53,,10.77,19.25,,,17.80,21.01
242,2026-01-07 18:45:46.494,9.61,,10.86,19.38,,,17.32,21.32
243,2026-01-07 18:45:46.704,9.67,,10.94,19.74,,,17.93,21.51
244,2026-01-07 18:45:46.906,9.73,,11.06,19.65,,,17.49,21.86
245,2026-01-07 18:45:47.107,9.79,,11.09,19.62,,,17.50,21.98
246,2026-01-07 18:45:47.300,9.89,,11.22,19.61,,,17.58,22.12
247,2026-01-07 18:45:47.492,9.95,,11.31,19.17,,,17.45,21.23
248,2026-01-07 18:45:47.685,9.98,,11.44,19.04,,,17.16,21.22
249,2026-01-07 18:45:47.880,10.02,,11.58,18.87,,,17.04,21.23
250,2026-01-07 18:45:48.075,10.04,,11.57,18.77,,,16.80,21.25
251,2026-01-07 18:45:48.269,10.05,,11.57,18.70,,,16.85,21.32
252,2026-01-07 18:45:48.461,10.11,,11.58,18.64,,,16.69,21.03
253,2026-01-07 18:45:48.656,10.26,,11.71,18.59,,,17.41,20.92
254,2026-01-07 18:45:48.850,10.31,,11.70,18.30,,,17.25,20.73
255,2026-01-07 18:45:49.043,10.37,,11.68,18.31,,,17.52,20.72
256,2026-01-07 18:45:49.237,10.39,,11.67,18.16,,,17.80,20.53
257,2026-01-07 18:45:49.428,10.39,,11.64,18.12,,,17.68,20.55
258,2026-01-07 18:45:49.626,10.36,,11.69,18.20,,,17.94,20.49
259,2026-01-07 18:45:49.833,10.32,,11.68,18.09,,,18.03,20.22
260,2026-01-07 18:45:50.037,10.38,,11.77,17.99,,,17.94,19.77
261,2026-01-07 18:45:50.231,10.38,,11.83,17.70,,,17.37,19.69
262,2026-01-07 18:45:50.431,10.42,,11.79,17.78,,,17.37,19.58
263,2026-01-07 18:45:50.626,10.52,,11.74,17.71,,,17.37,19.47
264,2026-01-07 18:45:50.818,10.51,,11.64,17.84,,,17.37,19.28
265,2026-01-07 18:45:51.011,10.68,,11.57,17.82,,,17.37,18.99
266,2026-01-07 18:45:51.206,10.62,,11.51,17.77,,,17.37,18.85
267,2026-01-07 18:45:51.405,10.87,,11.47,17.60,,,17.37,18.88
268,2026-01-07 18:45:51.598,11.14,,11.41,17.56,,,16.65,18.60
269,2026-01-07 18:45:51.795,11.35,,11.33,17.38,,,16.70,18.29
270,2026-01-07 18:45:51.990,11.41,,11.69,17.44,,,16.96,18.42
271,2026-01-07 18:45:52.191,11.70,,12.48,16.97,,,17.02,17.53
272,2026-01-07 18:45:52.387,12.76,,13.99,16.63,,,17.53,17.50
273,2026-01-07 18:45:52.584,12.93,,15.41,16.06,,,16.70,17.55
274,2026-01-07 18:45:52.801,12.98,,17.16,15.86,,,17.29,17.07
275,2026-01-07 18:45:52.997,13.10,,17.37,15.82,,,17.24,16.93
276,2026-01-07 18:45:53.192,14.05,,17.53,15.88,,,17.02,16.97
277,2026-01-07 18:45:53.392,15.21,,18.79,15.88,,,17.31,16.97
278,2026-01-07 18:45:53.590,15.32,,18.99,16.59,,,18.39,16.87
279,2026-01-07 18:45:53.787,15.43,,19.44,17.44,,,19.31,16.82
280,2026-01-07 18:45:53.989,16.11,,20.55,17.92,,,21.69,16.67
281,2026-01-07 18:45:54.181,16.83,,21.47,18.03,,,23.59,16.89
282,2026-01-07 18:45:54.377,17.07,,21.83,18.00,,,34.02,16.73
283,2026-01-07 18:45:54.576,16.89,,21.51,17.98,,,,16.62
284,2026-01-07 18:45:54.770,17.13,,21.52,17.94,,,,16.48
285,2026-01-07 18:45:54.965,17.38,16.23,21.81,17.80,,15.75,,16.32
286,2026-01-07 18:45:55.163,17.70,12.70,22.89,17.91,,10.68,,16.19
287,2026-01-07 18:45:55.358,18.07,10.86,23.11,17.92,,9.27,,16.27
288,2026-01-07 18:45:55.556,18.50,10.66,22.93,17.73,,13.76,,16.18
289,2026-01-07 18:45:55.755,18.97,10.63,22.91,17.66,,12.74,,16.12
290,2026-01-07 18:45:55.954,19.38,10.39,22.77,17.47,,12.74,,16.08
291,2026-01-07 18:45:56.149,19.91,9.70,22.97,17.19,,12.74,,15.88
292,2026-01-07 18:45:56.345,40.85,9.22,23.13,16.80,,12.74,,15.48
293,2026-01-07 18:45:56.537,42.67,9.34,23.00,16.68,,12.74,,15.34
294,2026-01-07 18:45:56.735,44.03,8.95,23.25,16.30,,11.84,,15.17
295,2026-01-07 18:45:56.931,44.38,8.67,23.30,15.99,,11.05,,14.99
296,2026-01-07 18:45:57.129,45.34,8.37,23.78,15.78,,10.47,,26.21
297,2026-01-07 18:45:57.329,45.19,8.27,24.94,15.56,,10.32,,34.41
298,2026-01-07 18:45:57.532,44.43,8.32,24.83,15.37,,10.14,,39.19
299,2026-01-07 18:45:57.731,43.74,8.44,24.67,15.44,,9.91,,39.02
300,2026-01-07 18:45:57.929,43.65,8.50,24.10,15.36,,9.69,,45.35
301,2026-01-07 18:45:58.153,42.91,8.49,23.24,16.70,,9.49,,45.12
302,2026-01-07 18:45:58.353,40.93,8.40,21.35,18.10,,9.36,,44.84
303,2026-01-07 18:45:58.553,40.35,8.40,19.66,18.24,,9.58,,55.66
304,2026-01-07 18:45:58.753,40.44,12.92,17.39,21.24,,9.66,,55.65
305,2026-01-07 18:45:58.951,39.26,12.92,17.24,21.45,,9.66,,57.02
306,2026-01-07 18:45:59.150,37.86,21.30,16.94,27.89,,9.65,,58.09
307,2026-01-07 18:45:59.355,38.16,20.62,16.83,28.40,,9.56,,59.90
308,2026-01-07 18:45:59.551,36.56,19.99,16.43,28.10,,9.48,,62.25
309,2026-01-07 18:45:59.746,36.21,19.45,15.71,26.82,,9.35,,64.71
310,2026-01-07 18:45:59.942,35.40,18.93,14.52,26.74,,9.26,,86.97
311,2026-01-07 18:46:00.139,34.29,18.47,13.56,26.37,,9.14,,86.53
312,2026-01-07 18:46:00.343,32.94,18.06,13.34,26.11,,8.97,,86.49
313,2026-01-07 18:46:00.537,32.77,18.06,13.30,33.43,,8.82,,86.29
314,2026-01-07 18:46:00.736,32.11,17.67,13.53,34.39,,8.69,,86.19
315,2026-01-07 18:46:00.933,31.51,17.29,17.42,34.91,,8.28,,87.62
316,2026-01-07 18:46:01.131,30.50,17.15,16.40,43.34,,8.26,,90.34
317,2026-01-07 18:46:01.325,29.80,17.09,17.78,43.04,,8.22,,89.97
318,2026-01-07 18:46:01.526,28.98,16.96,17.77,42.93,,7.50,,91.03
319,2026-01-07 18:46:01.734,28.25,16.94,17.80,42.79,,7.63,,94.17
320,2026-01-07 18:46:01.936,27.46,16.82,17.69,42.63,,7.65,,94.05
321,2026-01-07 18:46:02.141,26.72,16.82,17.27,47.79,,7.55,,117.17
322,2026-01-07 18:46:02.337,13.64,16.82,17.19,49.53,,7.70,,121.13
323,2026-01-07 18:46:02.530,12.20,16.67,17.27,52.39,,7.84,,122.94
324,2026-01-07 18:46:02.729,11.31,16.70,16.91,55.22,,7.76,,124.53
325,2026-01-07 18:46:02.925,10.87,16.71,16.92,57.54,,7.86,,126.46
326,2026-01-07 18:46:03.123,10.23,16.78,16.46,59.97,,7.94,,113.72
327,2026-01-07 18:46:03.318,9.85,16.76,15.24,62.65,,7.86,,118.29
328,2026-01-07 18:46:03.514,9.90,16.65,15.13,62.54,,7.83,,116.79
329,2026-01-07 18:46:03.713,9.97,16.58,15.11,62.54,,7.81,,116.77
330,2026-01-07 18:46:03.913,9.82,19.56,14.97,67.62,,7.82,,110.75
331,2026-01-07 18:46:04.110,9.95,19.99,14.73,68.38,,7.81,,120.60
332,2026-01-07 18:46:04.304,10.15,19.96,15.37,69.21,,7.89,,120.45
333,2026-01-07 18:46:04.500,10.40,19.45,15.28,65.96,,7.75,,107.30
334,2026-01-07 18:46:04.696,10.39,16.18,15.36,61.37,,7.69,,107.12
335,2026-01-07 18:46:04.893,10.45,19.90,15.26,64.12,,7.92,,103.52
336,2026-01-07 18:46:05.094,10.98,13.67,15.31,57.83,,7.97,,117.12
337,2026-01-07 18:46:05.292,9.64,13.64,13.98,55.30,,7.96,,114.88
338,2026-01-07 18:46:05.498,10.65,13.59,14.05,53.05,,7.90,,112.16
339,2026-01-07 18:46:05.696,10.99,13.52,14.08,53.00,,7.85,,109.25
340,2026-01-07 18:46:05.895,11.48,13.48,14.05,50.98,,7.82,,85.17
341,2026-01-07 18:46:06.092,11.77,13.41,13.98,50.94,,7.77,,85.01
342,2026-01-07 18:46:06.288,12.03,13.33,13.93,50.98,,7.76,,84.89
343,2026-01-07 18:46:06.491,12.35,13.21,13.93,43.16,,7.80,,84.96
344,2026-01-07 18:46:06.706,12.23,13.14,13.58,41.59,,7.87,,85.06
345,2026-01-07 18:46:06.904,12.12,13.15,9.26,40.93,,7.97,,83.41
346,2026-01-07 18:46:07.102,13.78,13.17,9.18,32.36,,8.19,,80.77
347,2026-01-07 18:46:07.300,13.69,13.17,7.43,32.32,,8.17,,80.73
348,2026-01-07 18:46:07.498,14.13,13.24,7.48,32.23,,8.09,,79.72
349,2026-01-07 18:46:07.698,15.21,13.12,7.33,32.18,,7.92,,76.52
350,2026-01-07 18:46:07.896,16.53,13.16,7.27,32.14,,7.86,,76.75
351,2026-01-07 18:46:08.090,17.59,13.22,7.29,27.00,,7.95,,53.56
352,2026-01-07 18:46:08.286,18.29,13.30,7.08,26.13,,7.84,,53.56
353,2026-01-07 18:46:08.488,19.31,13.33,6.99,23.27,,7.65,,51.54
354,2026-01-07 18:46:08.683,19.79,13.42,7.03,20.49,,7.84,,50.20
355,2026-01-07 18:46:08.879,20.12,13.49,6.93,18.38,,7.81,,48.34
356,2026-01-07 18:46:09.081,20.66,13.49,6.89,17.92,,7.75,,48.36
357,2026-01-07 18:46:09.279,22.57,13.59,6.92,17.76,,7.97,,35.08
358,2026-01-07 18:46:09.475,23.45,13.62,6.94,17.81,,8.11,,34.33
359,2026-01-07 18:46:09.672,24.11,13.55,7.01,17.44,,8.08,,34.30
360,2026-01-07 18:46:09.868,25.19,10.76,7.03,11.62,,8.06,,32.80
361,2026-01-07 18:46:10.064,25.67,10.60,7.29,11.48,,8.07,,23.83
362,2026-01-07 18:46:10.262,26.24,10.61,6.79,11.33,,7.98,,23.86
363,2026-01-07 18:46:10.459,26.59,10.59,7.05,11.32,,7.90,,23.89
364,2026-01-07 18:46:10.655,26.78,10.59,7.12,11.31,,7.80,,23.89
365,2026-01-07 18:46:10.851,26.80,6.77,7.15,7.59,,7.53,,23.78
366,2026-01-07 18:46:11.048,26.54,6.87,7.19,7.55,,7.41,,9.64
367,2026-01-07 18:46:11.243,26.91,6.84,7.30,7.54,,7.35,,9.68
368,2026-01-07 18:46:11.438,26.30,6.94,7.19,7.50,,7.40,,9.65
369,2026-01-07 18:46:11.637,26.52,7.07,7.14,7.44,,7.46,,9.68
370,2026-01-07 18:46:11.836,25.83,7.21,7.15,7.37,,7.90,,10.04
371,2026-01-07 18:46:12.030,25.62,7.23,7.11,7.34,,8.26,,10.34
372,2026-01-07 18:46:12.229,26.29,7.25,7.17,7.36,,8.65,,10.59
373,2026-01-07 18:46:12.426,26.71,7.17,7.30,7.39,,8.61,,12.47
374,2026-01-07 18:46:12.624,27.17,7.23,7.35,7.42,,8.65,,12.54
375,2026-01-07 18:46:12.820,27.26,7.23,7.35,9.64,,8.66,,12.65
376,2026-01-07 18:46:13.015,25.50,7.26,7.38,9.70,,8.49,,12.59
377,2026-01-07 18:46:13.215,25.27,7.31,7.35,9.78,,8.66,,12.72
378,2026-01-07 18:46:13.410,25.43,7.37,7.23,9.78,,8.81,,12.55
379,2026-01-07 18:46:13.609,24.41,7.55,7.23,9.93,,8.98,,12.48
380,2026-01-07 18:46:13.819,22.88,7.64,7.83,9.93,,9.29,,12.36
381,2026-01-07 18:46:14.016,22.03,7.56,7.89,9.94,,9.45,,12.42
382,2026-01-07 18:46:14.216,20.80,7.48,7.98,10.01,,9.77,,12.47
383,2026-01-07 18:46:14.411,20.18,7.44,8.60,10.00,,10.02,,12.51
384,2026-01-07 18:46:14.609,19.67,7.35,8.69,10.10,,9.99,,12.42
385,2026-01-07 18:46:14.808,19.37,7.32,8.77,10.18,,10.28,,12.28
386,2026-01-07 18:46:15.016,18.73,7.32,9.36,10.30,,10.84,,12.21
387,2026-01-07 18:46:15.217,16.63,7.25,10.28,10.15,,11.13,,11.89
388,2026-01-07 18:46:15.416,15.52,7.23,11.10,10.13,,15.92,,11.78
389,2026-01-07 18:46:15.611,14.70,7.23,12.03,10.31,,16.27,,11.70
390,2026-01-07 18:46:15.811,13.42,7.16,12.90,10.42,,16.64,,11.56
391,2026-01-07 18:46:16.010,12.74,7.17,13.63,10.60,,17.02,2.05,11.52
392,2026-01-07 18:46:16.206,11.87,7.19,14.14,10.75,,17.42,2.05,11.43
393,2026-01-07 18:46:16.406,11.25,7.41,14.40,10.87,,17.90,3.93,11.34
394,2026-01-07 18:46:16.608,10.78,7.60,14.95,10.84,,18.46,4.95,11.52
395,2026-01-07 18:46:16.808,10.43,7.64,15.11,10.79,,19.00,4.95,11.54
396,2026-01-07 18:46:17.007,10.02,7.59,15.13,10.93,,19.60,4.95,11.58
397,2026-01-07 18:46:17.204,10.32,7.60,18.69,11.01,,20.32,39.26,11.56
398,2026-01-07 18:46:17.403,17.09,22.24,24.49,22.77,,20.69,36.67,11.96
399,2026-01-07 18:46:17.601,32.36,22.92,42.95,29.60,,20.84,81.16,12.03
400,2026-01-07 18:46:17.800,32.42,22.86,43.18,30.05,,21.38,70.44,11.83
401,2026-01-07 18:46:18.001,32.44,23.12,43.74,30.12,,21.74,62.41,12.00
402,2026-01-07 18:46:18.204,31.48,23.27,52.70,30.06,,21.24,56.97,11.79
403,2026-01-07 18:46:18.406,30.94,23.34,52.55,30.08,,21.33,102.88,9.68
404,2026-01-07 18:46:18.606,30.04,23.30,52.50,30.09,6.03,20.63,114.20,9.61
405,2026-01-07 18:46:18.803,29.63,23.34,52.61,27.81,6.03,39.34,114.20,23.43
406,2026-01-07 18:46:19.000,29.62,23.31,52.57,27.78,87.83,39.31,130.65,23.42
407,2026-01-07 18:46:19.199,30.00,23.35,52.96,27.15,60.47,39.14,126.33,23.37
408,2026-01-07 18:46:19.396,29.19,23.31,53.04,27.20,46.74,39.13,124.72,23.40
409,2026-01-07 18:46:19.596,28.92,23.12,51.17,27.10,41.59,38.91,117.77,23.41
410,2026-01-07 18:46:19.795,28.97,22.98,50.47,27.13,35.52,38.49,110.78,23.31
411,2026-01-07 18:46:19.995,28.65,22.98,49.27,27.17,32.96,38.28,113.85,23.16
412,2026-01-07 18:46:20.192,28.81,22.98,47.77,27.18,32.96,70.16,113.85,46.64
413,2026-01-07 18:46:20.394,28.41,22.98,47.20,27.26,32.96,69.84,107.87,46.60
414,2026-01-07 18:46:20.596,28.29,22.96,45.75,27.23,32.96,69.68,102.56,45.33
415,2026-01-07 18:46:20.795,28.17,22.91,44.42,27.24,32.96,69.21,98.10,45.38
416,2026-01-07 18:46:20.995,28.19,22.84,43.95,27.26,32.96,68.58,94.00,45.54
417,2026-01-07 18:46:21.196,28.21,22.74,43.20,27.24,32.96,67.91,90.10,45.70
418,2026-01-07 18:46:21.394,28.26,22.75,42.54,27.35,34.03,61.52,87.06,45.69
419,2026-01-07 18:46:21.612,28.30,22.75,41.76,27.27,31.34,59.23,83.83,45.80
420,2026-01-07 18:46:21.817,28.34,22.72,41.12,27.28,29.97,57.21,83.83,45.90
421,2026-01-07 18:46:22.021,29.16,22.71,41.51,27.19,29.85,55.45,84.51,46.11
422,2026-01-07 18:46:22.221,29.39,22.69,41.03,27.17,28.73,53.53,81.67,46.25
423,2026-01-07 18:46:22.426,29.47,22.55,40.62,28.56,27.26,52.02,81.83,46.46
424,2026-01-07 18:46:22.631,29.51,22.49,40.02,28.91,25.97,50.95,87.98,46.51
425,2026-01-07 18:46:22.832,29.41,22.51,38.91,29.23,24.86,49.53,85.03,46.98
426,2026-01-07 18:46:23.035,29.37,22.55,38.82,29.43,23.97,48.14,82.31,47.14
427,2026-01-07 18:46:23.233,30.09,23.12,37.09,30.13,23.51,46.92,78.08,47.43
428,2026-01-07 18:46:23.434,23.47,8.30,32.52,18.78,22.79,47.15,77.72,47.24
429,2026-01-07 18:46:23.638,8.93,18.84,17.34,23.89,22.19,47.43,66.82,47.42
430,2026-01-07 18:46:23.837,8.98,18.89,17.42,23.76,21.66,47.31,69.16,47.44
431,2026-01-07 18:46:24.051,9.17,18.97,17.34,24.51,21.08,47.94,69.34,48.61
432,2026-01-07 18:46:24.253,9.28,19.27,10.27,25.14,20.62,48.95,69.32,48.88
433,2026-01-07 18:46:24.459,9.53,19.47,10.90,25.68,20.38,49.11,50.22,49.41
434,2026-01-07 18:46:24.660,9.72,20.40,10.98,25.85,21.22,49.24,42.99,49.73
435,2026-01-07 18:46:24.861,10.23,20.69,12.21,26.11,20.91,35.74,55.54,36.61
436,2026-01-07 18:46:25.067,10.39,21.82,12.47,26.37,14.41,35.80,44.58,36.89
437,2026-01-07 18:46:25.268,10.25,21.87,12.51,26.58,14.72,35.87,42.28,37.20
438,2026-01-07 18:46:25.467,10.41,22.42,12.69,26.78,16.01,36.21,39.02,37.48
439,2026-01-07 18:46:25.668,10.61,23.04,13.96,27.05,15.75,36.34,38.73,37.73
440,2026-01-07 18:46:25.865,11.35,23.82,14.43,27.33,16.07,36.63,39.01,38.07
441,2026-01-07 18:46:26.061,11.66,24.10,14.31,27.60,15.93,37.06,34.25,38.46
442,2026-01-07 18:46:26.262,11.71,24.44,14.45,27.88,15.78,14.48,33.55,15.79
443,2026-01-07 18:46:26.461,11.82,24.76,14.55,28.20,16.38,14.60,33.74,16.08
444,2026-01-07 18:46:26.668,11.95,24.95,14.78,28.47,17.24,14.78,33.93,16.28
445,2026-01-07 18:46:26.870,12.39,25.53,15.05,29.08,17.32,15.22,34.04,16.67
446,2026-01-07 18:46:27.074,13.36,26.10,15.17,29.14,22.76,15.18,40.27,16.81
447,2026-01-07 18:46:27.273,13.46,26.36,15.32,29.39,36.37,15.22,41.51,16.86
448,2026-01-07 18:46:27.470,13.56,26.72,15.55,30.05,35.45,15.43,42.36,16.94
449,2026-01-07 18:46:27.669,13.66,27.46,15.63,30.11,35.62,15.39,46.03,16.99
450,2026-01-07 18:46:27.883,13.70,27.57,16.08,30.34,35.32,15.26,66.62,17.09
451,2026-01-07 18:46:28.082,13.49,27.82,15.83,30.41,34.75,15.22,66.21,17.03
452,2026-01-07 18:46:28.279,13.59,28.16,15.81,30.42,34.70,15.30,66.65,17.21
453,2026-01-07 18:46:28.480,13.63,28.36,15.85,28.95,34.85,15.14,66.63,17.16
454,2026-01-07 18:46:28.679,13.65,28.62,15.85,28.82,34.80,14.81,61.34,17.09
455,2026-01-07 18:46:28.877,13.69,28.74,15.85,28.58,34.74,14.71,61.24,16.77
456,2026-01-07 18:46:29.078,13.68,28.82,15.78,28.35,34.67,14.63,61.52,16.66
457,2026-01-07 18:46:29.278,12.26,28.28,14.58,27.72,35.31,14.61,62.53,16.43
458,2026-01-07 18:46:29.473,12.22,27.96,14.44,27.05,36.19,14.11,62.19,16.30
459,2026-01-07 18:46:29.672,12.05,16.68,14.48,15.07,37.12,13.72,62.07,16.17
460,2026-01-07 18:46:29.871,12.04,16.60,14.27,14.79,38.10,13.05,60.17,16.04
461,2026-01-07 18:46:30.070,11.75,16.28,13.97,14.03,39.24,11.85,60.23,14.48
462,2026-01-07 18:46:30.263,11.65,16.25,13.65,13.80,40.42,11.01,60.11,14.17
463,2026-01-07 18:46:30.461,11.10,15.96,13.11,13.28,41.53,10.79,59.86,13.68
464,2026-01-07 18:46:30.659,11.07,15.18,13.11,13.08,42.26,10.63,58.80,13.36
465,2026-01-07 18:46:30.860,10.61,15.43,12.37,12.82,43.61,10.60,45.03,13.06
466,2026-01-07 18:46:31.061,10.50,14.46,12.25,12.58,43.23,10.94,44.84,12.81
467,2026-01-07 18:46:31.259,10.33,14.39,11.96,12.30,43.03,10.86,44.75,12.50
468,2026-01-07 18:46:31.457,10.20,13.85,11.86,12.14,43.36,10.33,45.86,12.26
469,2026-01-07 18:46:31.659,10.03,13.29,10.65,12.01,44.86,10.30,47.19,12.14
470,2026-01-07 18:46:31.877,9.37,12.80,10.16,12.05,46.64,10.14,48.59,11.92
471,2026-01-07 18:46:32.084,9.09,12.61,9.83,11.88,48.55,9.60,48.59,11.68
472,2026-01-07 18:46:32.293,8.91,12.38,9.62,11.73,50.83,9.52,50.03,11.58
473,2026-01-07 18:46:32.505,8.91,12.08,9.46,11.37,52.12,9.36,51.79,11.24
474,2026-01-07 18:46:32.712,8.77,12.12,9.19,11.22,53.01,9.07,53.67,11.56
475,2026-01-07 18:46:32.915,8.31,11.55,8.94,10.68,51.97,8.52,53.36,11.24
476,2026-01-07 18:46:33.115,7.31,11.19,8.73,10.45,39.68,8.50,45.57,10.89
477,2026-01-07 18:46:33.314,7.18,10.98,8.54,10.18,9.19,8.48,43.78,12.82
478,2026-01-07 18:46:33.515,7.06,10.82,8.25,10.07,8.40,8.12,42.12,12.61
479,2026-01-07 18:46:33.713,6.97,10.11,8.14,9.93,7.53,7.96,37.95,12.45
480,2026-01-07 18:46:33.931,6.86,10.05,7.61,9.70,7.11,7.89,12.94,12.25
481,2026-01-07 18:46:34.152,6.94,9.94,7.51,9.62,6.76,7.66,12.99,12.28
482,2026-01-07 18:46:34.374,6.61,22.01,7.40,9.47,6.13,7.76,12.44,11.79
483,2026-01-07 18:46:34.580,6.87,21.72,7.36,9.29,5.46,7.62,12.27,31.30
484,2026-01-07 18:46:34.781,6.78,21.89,7.24,9.13,5.01,7.38,11.45,31.09
485,2026-01-07 18:46:34.980,6.66,22.32,7.16,9.09,4.71,7.31,11.39,30.89
486,2026-01-07 18:46:35.178,9.30,22.13,7.10,8.96,4.42,7.26,10.83,30.78
487,2026-01-07 18:46:35.382,9.31,21.88,7.07,8.79,4.53,7.08,8.66,30.64
488,2026-01-07 18:46:35.585,9.40,21.93,7.08,19.82,4.71,7.06,8.71,30.64
489,2026-01-07 18:46:35.792,9.44,22.00,6.94,19.71,4.57,7.07,8.67,31.15
490,2026-01-07 18:46:35.987,9.29,22.07,6.84,20.19,4.45,7.10,8.36,32.05
491,2026-01-07 18:46:36.187,9.40,22.69,6.84,20.71,4.45,7.19,8.00,32.00
492,2026-01-07 18:46:36.384,9.33,22.30,6.75,20.77,4.45,6.93,7.91,32.11
493,2026-01-07 18:46:36.582,9.28,23.00,6.69,21.26,4.45,6.97,7.67,33.13
494,2026-01-07 18:46:36.777,9.07,23.63,6.54,21.92,4.45,7.00,7.50,34.28
495,2026-01-07 18:46:36.977,8.96,23.66,5.98,22.65,4.45,6.96,7.33,35.54
496,2026-01-07 18:46:37.182,8.86,24.42,5.78,22.63,4.38,6.40,7.15,35.45
497,2026-01-07 18:46:37.389,8.81,24.30,5.74,22.67,4.08,6.45,6.96,35.44
498,2026-01-07 18:46:37.592,8.78,24.21,5.62,22.62,4.08,6.52,6.96,36.75
499,2026-01-07 18:46:37.793,8.76,25.14,5.53,23.20,4.08,6.52,6.96,36.75
500,2026-01-07 18:46:37.991,8.85,25.14,5.61,23.58,4.08,6.46,6.96,35.53
501,2026-01-07 18:46:38.198,8.81,25.18,5.57,23.34,4.08,6.52,6.96,35.21
502,2026-01-07 18:46:38.398,8.87,25.09,5.49,22.60,4.08,6.47,6.96,34.21
503,2026-01-07 18:46:38.601,8.71,25.27,5.46,22.50,4.08,6.76,6.96,34.10
504,2026-01-07 18:46:38.804,8.67,24.30,5.43,21.72,4.08,6.94,6.96,33.29
505,2026-01-07 18:46:39.008,8.63,24.23,5.38,21.54,4.02,7.00,6.76,32.16
506,2026-01-07 18:46:39.228,8.57,23.99,5.42,21.47,4.10,7.23,6.00,32.06
507,2026-01-07 18:46:39.435,8.50,24.10,5.53,21.35,4.10,7.05,5.99,29.61
508,2026-01-07 18:46:39.636,8.50,23.79,5.58,21.43,4.21,6.95,6.02,29.56
509,2026-01-07 18:46:39.838,8.42,23.89,5.61,21.30,4.33,6.92,6.09,29.46
510,2026-01-07 18:46:40.060,8.35,23.87,5.66,21.12,4.49,6.78,6.07,29.38
511,2026-01-07 18:46:40.290,8.14,23.04,5.69,20.47,4.25,6.67,5.73,28.45
512,2026-01-07 18:46:40.491,8.11,7.07,5.73,20.44,4.25,6.26,5.73,28.52
513,2026-01-07 18:46:40.692,7.65,7.12,5.68,20.30,4.10,6.17,5.78,7.98
514,2026-01-07 18:46:40.897,7.61,7.08,5.76,19.74,4.43,6.02,5.86,8.03
515,2026-01-07 18:46:41.103,7.58,7.02,5.77,19.14,4.61,5.93,5.60,8.07
516,2026-01-07 18:46:41.305,4.69,6.95,5.78,19.10,4.51,5.85,5.37,8.03
517,2026-01-07 18:46:41.507,4.70,7.05,5.77,19.04,4.17,5.81,4.96,8.00
518,2026-01-07 18:46:41.712,4.56,6.89,5.71,6.95,3.13,5.76,4.96,7.92
519,2026-01-07 18:46:41.912,4.61,6.67,5.73,6.82,3.48,6.65,4.66,7.20
520,2026-01-07 18:46:42.111,4.60,6.53,5.74,6.79,4.36,6.60,4.90,7.14
521,2026-01-07 18:46:42.322,4.59,6.61,5.73,6.75,,6.47,,7.09
522,2026-01-07 18:46:42.520,4.62,6.61,5.77,6.66,,6.45,,6.92
523,2026-01-07 18:46:42.736,4.60,6.57,5.76,6.70,,6.36,,6.92
524,2026-01-07 18:46:42.933,4.63,6.51,5.80,6.74,,6.27,,6.93
525,2026-01-07 18:46:43.137,4.70,6.46,5.86,6.72,,6.21,,6.93
526,2026-01-07 18:46:43.339,4.77,6.44,5.89,6.83,,6.16,,6.90
527,2026-01-07 18:46:43.539,4.80,6.44,5.97,6.81,,6.13,,6.86
528,2026-01-07 18:46:43.737,4.79,6.41,5.95,6.81,,6.08,,6.83
529,2026-01-07 18:46:43.936,4.81,6.40,5.97,6.83,,6.05,,6.91
530,2026-01-07 18:46:44.131,4.65,6.37,5.86,6.84,,6.03,,6.76
531,2026-01-07 18:46:44.326,4.66,6.31,5.87,6.86,,6.03,,6.79
532,2026-01-07 18:46:44.522,4.57,6.26,5.87,6.76,,5.99,,6.55
533,2026-01-07 18:46:44.718,4.61,6.14,5.93,6.82,,5.83,,6.65
534,2026-01-07 18:46:44.913,4.67,6.14,6.09,6.86,,5.87,,7.55
535,2026-01-07 18:46:45.109,6.72,6.22,6.31,6.81,,5.91,,7.56
536,2026-01-07 18:46:45.329,8.22,6.24,6.59,6.85,,5.71,,7.66
537,2026-01-07 18:46:45.533,11.33,6.16,6.87,6.95,,5.77,,7.76
538,2026-01-07 18:46:45.733,11.55,9.72,6.96,10.54,,5.77,,7.81
539,2026-01-07 18:46:45.946,11.79,9.64,6.91,10.57,,5.76,,7.87
540,2026-01-07 18:46:46.163,12.04,9.62,6.81,10.66,,5.78,,7.96
541,2026-01-07 18:46:46.366,12.04,9.59,6.95,10.61,,5.80,,7.96
542,2026-01-07 18:46:46.560,12.10,9.62,7.13,10.76,,5.98,,8.10
543,2026-01-07 18:46:46.759,12.13,9.58,7.49,10.81,,6.02,,8.10
544,2026-01-07 18:46:46.962,12.15,9.60,7.77,10.86,,6.06,,8.09
545,2026-01-07 18:46:47.156,12.25,9.59,8.26,10.91,,6.08,,8.07
546,2026-01-07 18:46:47.355,12.23,9.63,8.61,10.90,,6.16,,8.08
547,2026-01-07 18:46:47.548,12.72,9.51,8.58,10.97,,6.18,,8.08
548,2026-01-07 18:46:47.761,13.13,9.48,8.53,10.98,,6.25,,8.14
549,2026-01-07 18:46:47.977,13.51,9.49,8.46,11.05,,5.64,,8.20
550,2026-01-07 18:46:48.198,13.90,9.50,8.42,11.14,,5.62,,8.22
551,2026-01-07 18:46:48.422,13.90,9.41,8.82,11.23,,5.61,,8.24
552,2026-01-07 18:46:48.620,14.22,9.43,8.92,11.44,,5.60,,8.27
553,2026-01-07 18:46:48.819,14.24,9.42,8.81,11.39,,5.63,,8.27
554,2026-01-07 18:46:49.025,14.23,9.44,8.95,11.35,,5.64,,8.24
555,2026-01-07 18:46:49.223,14.28,9.48,9.08,11.33,,5.72,,8.22
556,2026-01-07 18:46:49.421,14.27,9.52,9.29,11.18,,5.74,,8.79
557,2026-01-07 18:46:49.625,14.54,9.55,9.26,11.18,,5.78,,8.73
558,2026-01-07 18:46:49.820,14.89,9.61,9.42,11.19,,5.91,,8.72
559,2026-01-07 18:46:50.035,15.24,9.60,10.35,11.32,,5.89,,8.62
560,2026-01-07 18:46:50.238,15.41,9.66,10.58,11.33,,5.91,,8.62
561,2026-01-07 18:46:50.433,15.54,9.68,10.97,11.37,,5.88,,8.60
562,2026-01-07 18:46:50.628,15.56,9.70,11.37,11.39,,5.90,,8.61
563,2026-01-07 18:46:50.829,15.83,9.71,11.84,11.52,,5.89,,8.66
564,2026-01-07 18:46:51.028,15.83,9.70,12.16,11.57,,5.80,,7.81
565,2026-01-07 18:46:51.230,13.88,9.67,12.20,11.67,,5.76,,7.84
566,2026-01-07 18:46:51.432,12.34,9.64,12.02,11.72,,5.75,,7.81
567,2026-01-07 18:46:51.632,9.06,9.64,11.87,11.71,,5.70,,7.78
568,2026-01-07 18:46:51.829,8.89,6.07,11.75,8.05,,5.70,,7.77
569,2026-01-07 18:46:52.024,8.84,6.06,11.66,8.04,,5.73,,7.73
570,2026-01-07 18:46:52.221,8.67,6.03,11.67,8.00,,5.74,,7.66
571,2026-01-07 18:46:52.422,8.69,6.02,11.47,8.01,,5.76,,7.62
572,2026-01-07 18:46:52.616,8.70,5.96,11.17,7.85,,5.65,,7.43
573,2026-01-07 18:46:52.826,8.70,5.98,10.74,7.80,,5.72,,7.38
574,2026-01-07 18:46:53.028,8.69,5.96,10.31,7.77,,5.78,,7.36
575,2026-01-07 18:46:53.227,8.62,6.10,9.81,7.77,,5.78,,7.33
576,2026-01-07 18:46:53.428,8.60,6.13,9.37,7.84,,5.74,,7.32
577,2026-01-07 18:46:53.625,8.07,6.13,9.37,7.97,,5.76,,7.31
578,2026-01-07 18:46:53.825,7.62,6.13,9.46,8.00,,5.80,,7.22
579,2026-01-07 18:46:54.024,7.17,6.15,9.51,8.00,,5.78,,7.22
580,2026-01-07 18:46:54.220,6.79,6.13,9.56,8.04,,5.82,,7.20
581,2026-01-07 18:46:54.417,6.76,6.12,9.16,7.98,,5.81,,7.20
582,2026-01-07 18:46:54.612,6.66,6.09,9.00,7.78,,5.80,,7.17
583,2026-01-07 18:46:54.811,6.57,6.09,9.03,7.79,,5.82,,7.16
584,2026-01-07 18:46:55.009,6.55,6.10,8.81,7.78,,5.86,,7.15
585,2026-01-07 18:46:55.210,6.44,6.06,8.57,7.81,,5.80,,7.14
586,2026-01-07 18:46:55.418,6.39,6.01,8.29,7.82,,5.79,,6.62
587,2026-01-07 18:46:55.622,6.09,6.04,8.22,7.77,,5.79,,6.62
588,2026-01-07 18:46:55.826,6.01,6.10,8.08,7.70,,5.73,,6.62
589,2026-01-07 18:46:56.024,5.67,6.16,7.26,7.56,,5.79,,6.62
590,2026-01-07 18:46:56.222,5.48,6.19,7.04,7.51,,5.83,,6.58
591,2026-01-07 18:46:56.421,5.35,6.16,6.63,7.48,,5.91,,6.50
592,2026-01-07 18:46:56.619,5.34,6.21,6.31,7.45,,6.00,,6.48
593,2026-01-07 18:46:56.819,5.04,6.24,5.81,7.28,,6.07,,6.34
594,2026-01-07 18:46:57.017,5.00,6.30,5.39,7.17,,6.12,,6.31
595,2026-01-07 18:46:57.214,4.82,6.31,5.27,7.08,,6.11,,6.25
596,2026-01-07 18:46:57.408,4.71,6.31,5.07,7.04,,6.09,,6.23
597,2026-01-07 18:46:57.610,4.56,6.33,4.77,6.95,,6.15,,6.15
598,2026-01-07 18:46:57.805,4.54,6.32,4.71,6.95,,6.16,,6.15
599,2026-01-07 18:46:58.004,4.35,6.32,4.71,6.94,,6.14,,6.12
600,2026-01-07 18:46:58.206,4.29,6.33,4.73,6.88,,6.13,,6.11
601,2026-01-07 18:46:58.403,4.26,6.45,4.71,6.91,,6.16,,6.14
602,2026-01-07 18:46:58.597,4.22,6.47,4.73,6.97,,6.11,,6.23
603,2026-01-07 18:46:58.792,4.23,6.48,4.71,7.03,,6.07,,6.24
604,2026-01-07 18:46:58.990,4.20,6.45,4.71,6.99,,6.04,,6.28
605,2026-01-07 18:46:59.184,4.21,6.37,4.71,6.95,,6.05,,6.29
606,2026-01-07 18:46:59.378,4.30,6.34,4.76,6.91,,6.31,,6.24
607,2026-01-07 18:46:59.576,4.32,6.38,4.84,6.74,,6.29,,6.26
608,2026-01-07 18:46:59.798,4.41,6.40,4.82,6.69,,6.38,,6.26
609,2026-01-07 18:47:00.020,4.53,6.39,4.90,6.64,,6.55,,6.19
610,2026-01-07 18:47:00.226,4.52,6.39,4.87,6.52,,6.53,,6.21
611,2026-01-07 18:47:00.428,4.58,6.39,4.92,6.52,,6.55,,6.21
612,2026-01-07 18:47:00.628,4.59,6.38,4.91,6.50,,6.61,,6.21
613,2026-01-07 18:47:00.843,4.60,10.05,4.91,6.57,,6.66,,6.18
614,2026-01-07 18:47:01.051,4.62,10.04,4.93,6.69,,6.65,,6.20
615,2026-01-07 18:47:01.248,5.42,10.05,5.66,6.71,,6.75,,6.19
616,2026-01-07 18:47:01.446,5.42,10.05,5.89,6.72,,6.81,,6.19
617,2026-01-07 18:47:01.646,5.44,9.97,5.93,6.79,,6.82,,6.20
618,2026-01-07 18:47:01.841,5.56,9.86,5.94,6.82,,6.88,,6.25
619,2026-01-07 18:47:02.037,5.61,9.85,5.86,6.80,,6.95,,6.28
620,2026-01-07 18:47:02.236,6.43,9.76,6.35,6.85,,7.20,,6.36
621,2026-01-07 18:47:02.445,6.50,9.74,6.42,6.83,,7.23,,6.38
622,2026-01-07 18:47:02.639,6.61,9.68,6.36,6.87,,7.14,,6.43
623,2026-01-07 18:47:02.839,6.71,9.68,6.45,7.04,,7.08,,6.57
624,2026-01-07 18:47:03.034,6.80,9.68,6.42,7.12,,7.16,,6.55
625,2026-01-07 18:47:03.232,6.78,9.69,6.32,7.13,,7.26,,6.54
626,2026-01-07 18:47:03.431,6.83,9.71,6.52,7.14,,7.28,,6.52
627,2026-01-07 18:47:03.630,6.91,9.71,6.57,7.16,,7.22,,6.54
628,2026-01-07 18:47:03.826,6.97,9.71,6.62,7.15,,7.22,,6.53
629,2026-01-07 18:47:04.025,7.01,9.71,6.66,7.17,,7.23,,6.57
630,2026-01-07 18:47:04.221,7.00,9.71,6.74,7.19,,7.25,,6.59
631,2026-01-07 18:47:04.422,7.02,9.60,6.75,7.17,,7.20,,6.58
632,2026-01-07 18:47:04.621,7.00,9.58,6.78,7.10,,10.35,,9.65
633,2026-01-07 18:47:04.821,6.98,9.56,6.79,7.08,,10.60,,10.00
634,2026-01-07 18:47:05.021,6.99,9.59,6.81,7.06,,10.58,,9.98
635,2026-01-07 18:47:05.214,6.95,9.54,6.77,7.09,,10.58,,10.00
636,2026-01-07 18:47:05.412,6.92,9.54,6.74,7.09,,10.33,,10.07
637,2026-01-07 18:47:05.608,7.16,9.53,6.69,7.14,,10.31,,10.10
638,2026-01-07 18:47:05.806,7.30,9.54,6.63,7.15,,10.15,,10.14
639,2026-01-07 18:47:06.009,7.52,9.59,6.54,7.28,,10.00,,10.17
640,2026-01-07 18:47:06.204,7.67,9.63,6.58,7.39,,10.09,,10.58
641,2026-01-07 18:47:06.403,7.70,9.64,6.46,7.46,,10.09,,10.59
642,2026-01-07 18:47:06.598,7.76,9.66,6.53,7.65,,10.10,,10.76
643,2026-01-07 18:47:06.799,7.81,6.00,6.57,7.68,,10.10,,12.57
644,2026-01-07 18:47:06.995,7.82,6.04,6.63,7.66,,10.11,,12.66
645,2026-01-07 18:47:07.192,7.00,6.05,5.97,7.67,,10.01,,12.72
646,2026-01-07 18:47:07.390,6.98,6.04,5.93,7.68,,10.00,,12.71
647,2026-01-07 18:47:07.602,7.03,6.04,7.54,7.66,,9.94,,12.72
648,2026-01-07 18:47:07.814,7.12,6.01,7.75,7.66,,9.81,,12.82
649,2026-01-07 18:47:08.009,7.01,5.96,7.78,7.65,,9.68,,12.79
650,2026-01-07 18:47:08.204,6.18,5.95,7.29,7.67,,9.41,,12.86
651,2026-01-07 18:47:08.405,6.13,5.93,7.23,7.66,,9.31,,12.88
652,2026-01-07 18:47:08.601,6.00,5.90,7.23,7.64,,9.32,,12.84
653,2026-01-07 18:47:08.797,5.91,5.83,7.18,7.47,,9.30,,12.73
654,2026-01-07 18:47:08.993,5.79,5.77,7.17,7.44,,9.17,,12.75
655,2026-01-07 18:47:09.187,5.75,5.72,7.08,7.45,,9.07,,12.78
656,2026-01-07 18:47:09.380,5.73,5.70,6.91,7.43,,9.06,,12.80
657,2026-01-07 18:47:09.574,5.69,5.67,6.92,7.42,,9.07,,12.79
658,2026-01-07 18:47:09.767,5.64,5.67,6.89,7.44,,9.06,,12.78
659,2026-01-07 18:47:09.964,5.62,5.66,6.85,7.45,,9.05,,12.81
660,2026-01-07 18:47:10.163,5.61,5.70,6.79,7.56,,9.04,,12.84
661,2026-01-07 18:47:10.360,5.61,5.77,6.78,7.64,,9.16,,13.02
662,2026-01-07 18:47:10.555,5.61,5.77,6.78,7.69,,6.02,,9.87
663,2026-01-07 18:47:10.754,5.63,5.79,6.81,7.71,,5.77,,9.52
664,2026-01-07 18:47:10.963,5.66,5.78,6.80,8.02,,5.77,,9.60
665,2026-01-07 18:47:11.163,5.66,5.80,6.78,8.06,,5.82,,9.56
666,2026-01-07 18:47:11.359,5.63,5.80,6.86,8.10,,5.82,,9.54
667,2026-01-07 18:47:11.557,5.39,5.78,6.84,8.07,,5.79,,9.50
668,2026-01-07 18:47:11.759,5.19,5.81,6.90,8.07,,5.75,,9.50
669,2026-01-07 18:47:11.958,4.86,5.84,6.89,7.93,,5.74,,9.59
670,2026-01-07 18:47:12.155,4.74,5.86,6.85,7.80,,5.63,,9.17
671,2026-01-07 18:47:12.371,4.68,5.86,6.91,7.72,,5.63,,9.16
672,2026-01-07 18:47:12.567,4.75,5.91,7.03,7.55,,5.57,,9.08
673,2026-01-07 18:47:12.763,4.72,5.95,7.02,7.61,,5.51,,7.36
674,2026-01-07 18:47:12.960,4.70,6.05,6.97,7.61,,5.50,,7.41
675,2026-01-07 18:47:13.156,4.70,6.26,6.92,7.72,,5.66,,7.62
676,2026-01-07 18:47:13.352,4.70,6.31,6.76,7.75,,5.64,,7.76
677,2026-01-07 18:47:13.545,4.64,6.37,5.18,7.73,,5.67,,7.84
678,2026-01-07 18:47:13.738,4.46,6.43,4.97,7.72,,5.69,,7.78
679,2026-01-07 18:47:13.939,4.47,6.47,4.96,7.72,,5.91,,8.18
680,2026-01-07 18:47:14.135,4.47,6.51,4.98,7.80,,5.87,,8.13
681,2026-01-07 18:47:14.332,4.46,6.56,4.99,7.93,,5.85,,8.19
682,2026-01-07 18:47:14.526,4.47,6.61,5.00,8.04,,5.83,,8.27
683,2026-01-07 18:47:14.725,4.47,6.65,4.97,8.20,,5.85,,8.35
684,2026-01-07 18:47:14.922,4.47,6.67,4.94,8.31,,5.95,,8.55
685,2026-01-07 18:47:15.119,4.49,6.73,4.92,8.44,,5.95,,8.63
686,2026-01-07 18:47:15.316,4.50,6.82,4.90,8.52,,5.93,,8.67
687,2026-01-07 18:47:15.510,4.49,6.84,4.86,8.64,,5.92,,8.77
688,2026-01-07 18:47:15.704,4.54,6.84,4.85,8.67,,5.90,,8.78
689,2026-01-07 18:47:15.899,4.56,6.85,4.85,8.74,,5.89,,8.83
690,2026-01-07 18:47:16.104,4.60,6.86,4.83,8.64,,5.89,,8.89
691,2026-01-07 18:47:16.300,4.61,6.87,4.83,8.54,,5.77,,8.82
692,2026-01-07 18:47:16.495,4.62,6.85,4.83,8.54,,5.76,,8.80
693,2026-01-07 18:47:16.701,4.61,6.92,4.79,8.53,,5.86,,8.86
694,2026-01-07 18:47:16.897,4.59,6.93,4.81,8.21,,5.81,,8.83
695,2026-01-07 18:47:17.094,4.59,6.99,4.81,8.14,,5.73,,8.88
696,2026-01-07 18:47:17.292,4.60,6.98,4.73,8.20,,5.70,,9.01
697,2026-01-07 18:47:17.780,4.60,7.02,4.72,8.24,,6.01,,9.11
698,2026-01-07 18:47:17.979,4.58,6.97,4.66,8.25,,5.99,,9.10
699,2026-01-07 18:47:18.178,4.61,6.90,4.65,8.28,,6.00,,9.07
700,2026-01-07 18:47:18.375,4.62,6.87,4.72,8.35,,6.22,,9.11
701,2026-01-07 18:47:18.572,4.60,6.95,4.67,8.44,,6.20,,9.30
702,2026-01-07 18:47:18.770,4.47,6.88,4.54,8.42,,6.25,,9.43
703,2026-01-07 18:47:18.965,4.44,6.83,4.52,8.36,,6.27,,9.39
704,2026-01-07 18:47:19.166,4.43,6.69,4.50,8.29,,6.30,,9.34
705,2026-01-07 18:47:19.366,4.42,6.48,4.54,8.12,,6.20,,9.11
706,2026-01-07 18:47:19.561,4.40,6.48,4.53,8.03,,6.30,,8.95
707,2026-01-07 18:47:19.759,4.39,6.45,4.53,8.01,,6.32,,8.85
708,2026-01-07 18:47:19.957,4.36,6.55,4.53,7.98,,6.41,,8.74
709,2026-01-07 18:47:20.172,4.34,6.60,4.60,7.94,,6.42,,8.30
710,2026-01-07 18:47:20.376,4.34,6.67,4.69,7.78,,6.60,,8.19
711,2026-01-07 18:47:20.579,4.33,6.67,4.80,7.64,,6.59,,8.10
712,2026-01-07 18:47:20.777,4.32,6.70,5.02,7.50,,6.60,,8.00
713,2026-01-07 18:47:20.976,4.31,6.65,5.02,7.32,,6.58,,7.90
714,2026-01-07 18:47:21.187,4.29,6.63,5.04,7.14,,6.47,,7.74
715,2026-01-07 18:47:21.389,4.26,6.63,5.08,6.99,,6.46,,7.66
716,2026-01-07 18:47:21.589,4.24,6.56,5.21,6.89,,6.45,,7.61
717,2026-01-07 18:47:21.804,4.21,6.53,5.23,6.81,,6.43,,7.54
718,2026-01-07 18:47:22.008,4.16,6.56,5.24,6.74,,6.43,,7.50
719,2026-01-07 18:47:22.204,4.17,6.60,5.29,6.63,,6.48,,7.38
720,2026-01-07 18:47:22.404,4.13,6.65,5.30,6.56,,6.46,,7.28
721,2026-01-07 18:47:22.603,4.12,6.67,5.32,6.53,,6.51,,7.14
722,2026-01-07 18:47:22.799,4.15,6.65,5.37,6.52,,6.50,,7.04
723,2026-01-07 18:47:22.997,4.14,6.61,5.42,6.51,,6.40,,6.97
724,2026-01-07 18:47:23.195,4.21,6.62,5.51,6.50,,6.46,,6.96
725,2026-01-07 18:47:23.391,4.23,6.56,5.58,6.51,,6.54,,6.92
726,2026-01-07 18:47:23.590,4.27,6.62,5.65,6.37,,6.60,,6.76
727,2026-01-07 18:47:23.787,4.32,6.67,5.72,6.38,,6.34,,6.64
728,2026-01-07 18:47:23.985,4.45,6.70,5.83,6.44,,6.39,,6.63
729,2026-01-07 18:47:24.191,4.51,6.71,5.92,6.43,,6.38,,6.57
730,2026-01-07 18:47:24.389,4.58,6.75,5.90,6.37,,6.18,,6.50
731,2026-01-07 18:47:24.587,4.63,6.73,5.91,6.32,,6.21,,6.30
732,2026-01-07 18:47:24.787,4.69,6.78,5.93,6.34,,6.19,,6.14
733,2026-01-07 18:47:24.986,4.74,6.84,5.95,6.25,,6.13,,6.14
734,2026-01-07 18:47:25.186,4.76,6.87,5.97,6.25,,6.13,,6.15
735,2026-01-07 18:47:25.406,4.80,6.93,5.94,6.28,,6.11,,6.15
736,2026-01-07 18:47:25.610,4.81,7.01,5.97,6.34,,6.08,,6.24
737,2026-01-07 18:47:25.809,4.85,7.05,6.07,6.46,,6.06,,6.32
738,2026-01-07 18:47:26.008,4.88,6.92,6.10,6.56,,6.02,,6.44
739,2026-01-07 18:47:26.212,4.94,6.85,6.06,6.62,,5.81,,6.51
740,2026-01-07 18:47:26.409,5.00,6.73,5.99,6.66,,5.68,,6.58
741,2026-01-07 18:47:26.627,5.04,6.70,5.96,6.74,,5.72,5.82,6.62
742,2026-01-07 18:47:26.831,5.11,6.65,5.78,6.85,,5.79,5.91,6.66
743,2026-01-07 18:47:27.032,5.16,6.71,5.88,6.92,,5.88,6.04,6.68
744,2026-01-07 18:47:27.236,5.18,6.75,5.91,24.94,,5.92,6.11,6.69
745,2026-01-07 18:47:27.436,5.22,6.75,5.92,28.28,,6.01,60.03,6.69
746,2026-01-07 18:47:27.635,5.25,6.73,5.83,28.33,,6.06,50.92,6.72
747,2026-01-07 18:47:27.843,5.32,6.74,5.86,28.31,,6.11,44.42,6.72
748,2026-01-07 18:47:28.041,5.37,6.75,5.94,28.35,,6.17,45.18,6.75
749,2026-01-07 18:47:28.254,5.39,6.71,5.95,28.48,,6.16,40.98,6.80
750,2026-01-07 18:47:28.457,5.63,6.62,6.28,28.59,,6.23,54.08,6.87
751,2026-01-07 18:47:28.661,5.68,6.50,6.46,28.65,,6.21,49.88,6.90
752,2026-01-07 18:47:28.885,5.70,6.52,6.45,28.69,,6.27,46.24,6.92
753,2026-01-07 18:47:29.089,5.73,6.49,6.45,28.76,,6.26,43.09,6.96
754,2026-01-07 18:47:29.289,5.71,6.46,6.40,28.82,,6.27,40.43,6.94
755,2026-01-07 18:47:29.491,5.72,6.46,6.37,28.92,,6.25,38.14,6.96
756,2026-01-07 18:47:29.692,5.72,6.40,6.34,28.98,,6.25,36.15,7.00
757,2026-01-07 18:47:29.912,5.72,6.36,6.33,29.02,,6.23,34.91,7.03
758,2026-01-07 18:47:30.112,5.64,6.63,6.28,29.44,,6.24,44.93,7.08
759,2026-01-07 18:47:30.314,5.61,6.65,6.24,29.59,,6.28,44.93,7.13
760,2026-01-07 18:47:30.512,5.56,6.59,6.24,29.67,,6.34,42.93,7.15
761,2026-01-07 18:47:30.709,5.55,6.58,6.27,29.70,,6.36,41.52,7.19
762,2026-01-07 18:47:30.904,5.56,6.57,6.26,29.87,,6.40,39.88,7.23
763,2026-01-07 18:47:31.104,5.81,6.67,6.29,30.11,,6.50,38.43,7.22
764,2026-01-07 18:47:31.302,5.87,6.65,6.32,30.18,,6.52,37.04,7.27
765,2026-01-07 18:47:31.503,5.93,6.60,6.35,30.22,,6.53,37.04,7.31
766,2026-01-07 18:47:31.698,5.98,6.58,6.38,30.25,,6.37,35.76,7.28
767,2026-01-07 18:47:31.896,6.01,6.56,6.32,30.96,,6.43,34.57,7.21
768,2026-01-07 18:47:32.095,6.05,6.57,6.43,30.97,,6.45,33.48,7.12
769,2026-01-07 18:47:32.292,6.11,6.59,6.48,30.98,,6.58,32.79,7.09
770,2026-01-07 18:47:32.502,6.11,6.63,6.51,31.00,,6.60,31.95,7.12
771,2026-01-07 18:47:32.718,6.13,6.64,6.46,30.97,,6.67,31.94,7.28
772,2026-01-07 18:47:32.918,6.13,6.67,6.46,30.91,,6.63,32.90,7.41
773,2026-01-07 18:47:33.130,6.14,6.64,6.42,30.89,,6.43,32.91,7.50
774,2026-01-07 18:47:33.336,6.17,6.60,6.45,12.30,,6.44,34.95,7.54
775,2026-01-07 18:47:33.550,6.19,6.55,6.49,8.89,,6.14,24.97,7.60
776,2026-01-07 18:47:33.749,6.20,6.55,6.52,8.89,,6.19,25.10,7.66
777,2026-01-07 18:47:33.948,6.20,6.65,6.53,8.88,,6.55,27.65,7.74
778,2026-01-07 18:47:34.146,6.21,6.61,6.54,8.92,,,26.30,7.86
779,2026-01-07 18:47:34.347,6.21,6.61,6.55,8.85,,8.50,26.25,7.88
780,2026-01-07 18:47:34.553,6.03,6.64,6.35,8.84,,7.61,20.49,7.84
781,2026-01-07 18:47:34.758,6.02,9.40,6.22,8.95,9.78,7.90,22.84,7.82
782,2026-01-07 18:47:34.958,5.99,9.41,6.35,8.93,9.78,7.55,23.48,7.97
783,2026-01-07 18:47:35.162,6.01,9.47,6.43,8.89,8.46,7.94,24.21,7.94
784,2026-01-07 18:47:35.367,6.03,9.49,6.46,8.93,7.75,7.94,24.26,7.94
785,2026-01-07 18:47:35.572,6.02,9.61,6.49,8.82,7.82,7.97,24.28,7.91
786,2026-01-07 18:47:35.773,5.98,9.62,6.50,8.78,8.26,7.75,24.25,7.86
787,2026-01-07 18:47:35.975,6.00,9.59,6.53,8.79,8.65,7.56,34.17,7.82
788,2026-01-07 18:47:36.175,5.98,9.32,6.58,8.27,8.48,7.64,41.92,7.76
789,2026-01-07 18:47:36.386,5.96,9.35,6.58,8.12,8.15,7.53,41.92,7.71
790,2026-01-07 18:47:36.590,5.97,9.42,6.65,8.07,8.34,7.59,41.87,7.67
791,2026-01-07 18:47:36.788,5.96,9.49,6.64,8.03,8.13,7.45,43.78,7.67
792,2026-01-07 18:47:36.992,5.94,9.55,6.62,7.84,7.91,7.51,45.31,7.63
793,2026-01-07 18:47:37.191,5.72,9.52,6.66,7.56,15.78,7.62,46.55,7.61
794,2026-01-07 18:47:37.391,5.71,9.57,6.66,7.49,15.21,7.64,48.29,7.59
795,2026-01-07 18:47:37.591,5.68,9.57,6.63,7.47,14.83,7.56,46.54,7.65
796,2026-01-07 18:47:37.792,5.69,9.51,6.63,7.43,14.36,7.62,46.58,7.61
797,2026-01-07 18:47:37.991,5.68,9.38,6.62,7.45,13.87,7.61,47.10,7.62
798,2026-01-07 18:47:38.188,5.71,9.40,6.55,7.52,13.51,7.61,47.16,7.63
799,2026-01-07 18:47:38.387,5.68,9.51,6.54,7.52,13.07,7.54,48.56,7.66
800,2026-01-07 18:47:38.584,5.67,9.50,6.50,7.55,13.07,7.54,50.35,7.64
801,2026-01-07 18:47:38.784,5.67,9.55,6.49,7.53,19.62,7.54,52.48,7.65
802,2026-01-07 18:47:38.983,5.65,9.54,6.48,7.57,19.11,7.54,52.48,7.66
803,2026-01-07 18:47:39.181,5.65,9.64,6.47,7.57,18.56,7.54,52.43,7.70
804,2026-01-07 18:47:39.381,5.65,9.80,6.45,7.58,18.02,7.54,59.78,7.70
805,2026-01-07 18:47:39.581,5.66,9.83,6.42,7.64,21.37,7.54,60.79,7.71
806,2026-01-07 18:47:39.791,5.68,9.87,6.46,7.68,20.72,7.54,60.68,7.70
807,2026-01-07 18:47:39.993,5.68,9.80,6.45,7.69,20.10,7.54,57.76,7.69
808,2026-01-07 18:47:40.193,5.67,9.88,6.40,7.64,19.60,7.54,57.78,7.67
809,2026-01-07 18:47:40.394,5.68,10.03,6.41,7.62,19.08,7.49,57.78,7.67
810,2026-01-07 18:47:40.596,5.68,10.03,6.32,7.60,18.63,7.53,57.37,7.67
811,2026-01-07 18:47:40.797,5.71,7.25,6.30,7.48,18.64,7.48,54.46,7.62
812,2026-01-07 18:47:41.002,5.72,7.26,6.14,7.49,18.18,7.63,54.98,7.51
